 x_min, y_min, x_max, y_max, label
0.161312849162011,0.231180919139034,0.472765363128492,0.884584060500291,1
